Id,Position,First Name,Nickname,Last Name,FPPG,Played,Salary,Game,Team,Opponent,Injury Indicator,Injury Details,Tier,,,Roster Position
94709-55050,RB,Christian,Christian McCaffrey,McCaffrey,24.76000061035156,5,10300,SF@CLE,SF,CLE,,,,,,RB/FLEX
94709-53681,WR,Tyreek,Tyreek Hill,Hill,22.9,5,9800,CAR@MIA,MIA,CAR,,,,,,WR/FLEX
94709-85701,WR,Ja'Marr,Ja'Marr Chase,Chase,17.560000610351562,5,9300,SEA@CIN,CIN,SEA,,,,,,WR/FLEX
94709-85671,WR,Justin,Justin Jefferson,Jefferson,18.219999694824217,5,9200,MIN@CHI,MIN,CHI,IR,Hamstring,,,,WR/FLEX
94709-138820,RB,De'Von,De'Von Achane,Achane,24.299999237060547,4,9000,CAR@MIA,MIA,CAR,IR,Knee,,,,RB/FLEX
94709-28744,RB,Raheem,Raheem Mostert,Mostert,19.539999389648436,5,8500,CAR@MIA,MIA,CAR,,,,,,RB/FLEX
94709-91591,QB,Justin,Justin Fields,Fields,21.163999938964842,5,8500,MIN@CHI,CHI,MIN,,,,,,QB
94709-103342,RB,Kenneth,Kenneth Walker III,Walker III,17.399999618530273,4,8400,SEA@CIN,SEA,CIN,,,,,,RB/FLEX
94709-90572,QB,Tua,Tua Tagovailoa,Tagovailoa,20.732000732421874,5,8300,CAR@MIA,MIA,CAR,,,,,,QB
94709-129315,QB,Anthony,Anthony Richardson,Richardson,18.420000076293945,4,8100,IND@JAC,IND,JAC,IR,Shoulder - ac joint,,,,QB
94709-22038,QB,Kirk,Kirk Cousins,Cousins,20.824000549316406,5,8000,MIN@CHI,MIN,CHI,,,,,,QB
94709-63043,WR,DJ,DJ Moore,Moore,19.31999969482422,5,8000,MIN@CHI,CHI,MIN,,,,,,WR/FLEX
94709-85798,WR,Brandon,Brandon Aiyuk,Aiyuk,15.074999809265137,4,7700,SF@CLE,SF,CLE,,,,,,WR/FLEX
94709-89956,RB,Travis,Travis Etienne Jr.,Etienne Jr.,16.6,5,7700,IND@JAC,JAC,IND,,,,,,RB/FLEX
94709-136855,RB,Bijan,Bijan Robinson,Robinson,14.3,5,7600,WAS@ATL,ATL,WAS,,,,,,RB/FLEX
94709-89951,QB,Trevor,Trevor Lawrence,Lawrence,15.10399932861328,5,7600,IND@JAC,JAC,IND,,,,,,QB
94709-42104,RB,Alvin,Alvin Kamara,Kamara,16.049999237060547,2,7500,NO@HOU,NO,HOU,,,,,,RB/FLEX
94709-73048,WR,DK,DK Metcalf,Metcalf,11.949999809265137,4,7500,SEA@CIN,SEA,CIN,Q,Ribs,,,,WR/FLEX
94709-63336,QB,Joe,Joe Burrow,Burrow,11.55999984741211,5,7500,SEA@CIN,CIN,SEA,,,,,,QB
94709-70027,RB,Zack,Zack Moss,Moss,20.424999237060547,4,7400,IND@JAC,IND,JAC,,,,,,RB/FLEX
94709-39716,WR,Adam,Adam Thielen,Thielen,15.8,5,7400,CAR@MIA,CAR,MIA,,,,,,WR/FLEX
94709-85607,QB,Brock,Brock Purdy,Purdy,19.847999572753906,5,7200,SF@CLE,SF,CLE,,,,,,QB
94709-56018,WR,Deebo,Deebo Samuel,Samuel,12.11999969482422,5,7200,SF@CLE,SF,CLE,,,,,,WR/FLEX
94709-87770,WR,Chris,Chris Olave,Olave,10.05999984741211,5,7100,NO@HOU,NO,HOU,Q,Toe,,,,WR/FLEX
94709-64555,WR,Calvin,Calvin Ridley,Ridley,11.54000015258789,5,7000,IND@JAC,JAC,IND,,,,,,WR/FLEX
94709-104576,QB,Sam,Sam Howell,Howell,17.61199951171875,5,7000,WAS@ATL,WAS,ATL,,,,,,QB
94709-52442,RB,Joe,Joe Mixon,Mixon,10.65999984741211,5,7000,SEA@CIN,CIN,SEA,,,,,,RB/FLEX
94709-54879,QB,Deshaun,Deshaun Watson,Watson,18.47333272298177,3,7000,SF@CLE,CLE,SF,Q,Shoulder,,,,QB
94709-89981,WR,Tee,Tee Higgins,Higgins,7.724999904632568,4,7000,SEA@CIN,CIN,SEA,Q,Ribs,,,,WR/FLEX
94709-72776,RB,Alexander,Alexander Mattison,Mattison,10.44000015258789,5,6900,MIN@CHI,MIN,CHI,,,,,,RB/FLEX
94709-129471,QB,C.J.,C.J. Stroud,Stroud,17.647999572753907,5,6900,NO@HOU,HOU,NO,,,,,,QB
94709-56250,WR,Terry,Terry McLaurin,McLaurin,10.11999969482422,5,6900,WAS@ATL,WAS,ATL,,,,,,WR/FLEX
94709-86278,QB,Desmond,Desmond Ridder,Ridder,14.303999328613282,5,6800,WAS@ATL,ATL,WAS,,,,,,QB
94709-91419,WR,Nico,Nico Collins,Collins,15.439999389648438,5,6800,NO@HOU,HOU,NO,,,,,,WR/FLEX
94709-90573,WR,Jaylen,Jaylen Waddle,Waddle,9.699999809265137,4,6800,CAR@MIA,MIA,CAR,,,,,,WR/FLEX
94709-26483,QB,Geno,Geno Smith,Smith,14.335000038146973,4,6800,SEA@CIN,SEA,CIN,,,,,,QB
94709-71706,TE,T.J.,T.J. Hockenson,Hockenson,10.080000305175782,5,6700,MIN@CHI,MIN,CHI,,,,,,TE/FLEX
94709-129210,WR,Jordan,Jordan Addison,Addison,10.480000305175782,5,6700,MIN@CHI,MIN,CHI,Q,Ankle,,,,WR/FLEX
94709-90562,RB,Brian,Brian Robinson Jr.,Robinson Jr.,13.280000305175781,5,6700,WAS@ATL,WAS,ATL,,,,,,RB/FLEX
94709-31001,WR,Amari,Amari Cooper,Cooper,10.225000381469727,4,6600,SF@CLE,CLE,SF,,,,,,WR/FLEX
94709-27050,WR,Tyler,Tyler Lockett,Lockett,9.550000190734863,4,6600,SEA@CIN,SEA,CIN,,,,,,WR/FLEX
94709-60858,WR,Christian,Christian Kirk,Kirk,11.012000274658202,5,6600,IND@JAC,JAC,IND,,,,,,WR/FLEX
94709-45859,QB,Derek,Derek Carr,Carr,10.068000030517577,5,6600,NO@HOU,NO,HOU,,,,,,QB
94709-119606,QB,Bryce,Bryce Young,Young,12.625,4,6600,CAR@MIA,CAR,MIA,,,,,,QB
94709-61798,QB,Gardner,Gardner Minshew II,Minshew II,7.630000114440918,4,6500,IND@JAC,IND,JAC,,,,,,QB
94709-89675,RB,Jonathan,Jonathan Taylor,Taylor,3.9000000953674316,1,6500,IND@JAC,IND,JAC,,,,,,RB/FLEX
94709-69213,WR,Michael,Michael Pittman Jr.,Pittman Jr.,10.640000152587891,5,6500,IND@JAC,IND,JAC,,,,,,WR/FLEX
94709-112745,WR,Drake,Drake London,London,8.355999755859376,5,6400,WAS@ATL,ATL,WAS,,,,,,WR/FLEX
94709-90533,RB,Jerome,Jerome Ford,Ford,12.324999809265137,4,6400,SF@CLE,CLE,SF,Q,Knee,,,,RB/FLEX
94709-64051,QB,Drew,Drew Lock,Lock,3.619999885559082,1,6400,SEA@CIN,SEA,CIN,,,,,,QB
94709-91898,QB,Dorian,Dorian Thompson-Robinson,Thompson-Robinson,4.239999771118164,1,6300,SF@CLE,CLE,SF,,,,,,QB
94709-53331,QB,Taylor,Taylor Heinicke,Heinicke,13.551111009385851,9,6200,WAS@ATL,ATL,WAS,,,,,,QB
94709-63589,QB,Sam,Sam Darnold,Darnold,-0.11500000208616257,4,6200,SF@CLE,SF,CLE,,,,,,QB
94709-24849,QB,Jameis,Jameis Winston,Winston,0.8800000349680582,3,6200,NO@HOU,NO,HOU,,,,,,QB
94709-63855,WR,K.J.,K.J. Osborn,Osborn,7.019999694824219,5,6200,MIN@CHI,MIN,CHI,,,,,,WR/FLEX
94709-52613,WR,Curtis,Curtis Samuel,Samuel,9.95999984741211,5,6200,WAS@ATL,WAS,ATL,,,,,,WR/FLEX
94709-60840,QB,Jake,Jake Browning,Browning,-0.10000000149011612,1,6200,SEA@CIN,CIN,SEA,,,,,,QB
94709-14225,QB,Andy,Andy Dalton,Dalton,11.819999694824219,2,6200,CAR@MIA,CAR,MIA,,,,,,QB
94709-30761,QB,Nathan,Nathan Peterman,Peterman,3.086666742960612,3,6100,MIN@CHI,CHI,MIN,,,,,,QB
94709-27986,QB,C.J.,C.J. Beathard,Beathard,0.36000001430511475,1,6100,IND@JAC,JAC,IND,,,,,,QB
94709-30231,QB,Jacoby,Jacoby Brissett,Brissett,12.472856794084821,14,6100,WAS@ATL,WAS,ATL,,,,,,QB
94709-89628,QB,Davis,Davis Mills,Mills,13.101333618164062,15,6100,NO@HOU,HOU,NO,,,,,,QB
94709-40534,QB,Mike,Mike White,White,6.579999923706055,1,6100,CAR@MIA,MIA,CAR,,,,,,QB
94709-41562,QB,Nick,Nick Mullens,Mullens,3.190000057220459,4,6100,MIN@CHI,MIN,CHI,IR,Back,,,,QB
94709-40669,WR,Tyler,Tyler Boyd,Boyd,5.6200000762939455,5,6100,SEA@CIN,CIN,SEA,,,,,,WR/FLEX
94709-41827,QB,P.J.,P.J. Walker,Walker,7.023333231608073,6,6100,SF@CLE,CLE,SF,,,,,,QB
94709-91047,TE,Cole,Cole Kmet,Kmet,10.54000015258789,5,6100,MIN@CHI,CHI,MIN,Q,Hamstring,,,,TE/FLEX
94709-89236,QB,James,James Blackman,Blackman,,,6000,CAR@MIA,MIA,CAR,,,,,,QB
94709-45259,QB,Logan,Logan Woodside,Woodside,,,6000,WAS@ATL,ATL,WAS,,,,,,QB
94709-130269,QB,Reid,Reid Sinnett,Sinnett,,,6000,SEA@CIN,CIN,SEA,,,,,,QB
94709-129291,WR,Tank,Tank Dell,Dell,10.95999984741211,5,6000,NO@HOU,HOU,NO,Q,Concussion,,,,WR/FLEX
94709-185629,QB,Tim,Tim DeMorat,DeMorat,,,6000,WAS@ATL,WAS,ATL,,,,,,QB
94709-90400,QB,Jaren,Jaren Hall,Hall,,,6000,MIN@CHI,MIN,CHI,,,,,,QB
94709-31047,QB,AJ,AJ McCarron,McCarron,,,6000,SEA@CIN,CIN,SEA,,,,,,QB
94709-91511,QB,Holton,Holton Ahlers,Ahlers,,,6000,SEA@CIN,SEA,CIN,,,,,,QB
94709-92560,QB,Sam,Sam Ehlinger,Ehlinger,9.654999732971191,4,6000,IND@JAC,IND,JAC,,,,,,QB
94709-185776,QB,Tyson,Tyson Bagent,Bagent,,,6000,MIN@CHI,CHI,MIN,,,,,,QB
94709-31170,QB,Brandon,Brandon Allen,Allen,0.7799999713897705,1,6000,SF@CLE,SF,CLE,,,,,,QB
94709-22994,QB,Case,Case Keenum,Keenum,0.1599999964237213,2,6000,NO@HOU,HOU,NO,,,,,,QB
94709-91639,QB,Jake,Jake Fromm,Fromm,,,6000,WAS@ATL,WAS,ATL,,,,,,QB
94709-94718,QB,Nathan,Nathan Rourke,Rourke,,,6000,IND@JAC,JAC,IND,,,,,,QB
94709-55830,RB,D'Onta,D'Onta Foreman,Foreman,3.4000000953674316,1,6000,MIN@CHI,CHI,MIN,,,,,,RB/FLEX
94709-88602,QB,Jordan,Jordan Ta'amu,Ta'amu,,,6000,MIN@CHI,MIN,CHI,,,,,,QB
94709-94797,QB,Kellen,Kellen Mond,Mond,,,6000,IND@JAC,IND,JAC,,,,,,QB
94709-69294,QB,Skylar,Skylar Thompson,Thompson,4.195000171661377,8,6000,CAR@MIA,MIA,CAR,,,,,,QB
94709-52917,WR,DJ,DJ Chark Jr.,Chark Jr.,8.524999618530273,4,6000,CAR@MIA,CAR,MIA,,,,,,WR/FLEX
94709-52929,QB,Jake,Jake Luton,Luton,,,6000,NO@HOU,NO,HOU,,,,,,QB
94709-72412,RB,Khalil,Khalil Herbert,Herbert,9.3,5,6000,MIN@CHI,CHI,MIN,D,Ankle,,,,RB/FLEX
94709-86793,QB,Jake,Jake Haener,Haener,,,6000,NO@HOU,NO,HOU,IR,Suspension,,,,QB
94709-85860,QB,Tanner,Tanner Morgan,Morgan,,,6000,MIN@CHI,MIN,CHI,,,,,,QB
94709-93103,QB,E.J.,E.J. Perry,Perry,,,6000,NO@HOU,HOU,NO,,,,,,QB
94709-92082,QB,Austin,Austin Aune,Aune,,,6000,WAS@ATL,ATL,WAS,,,,,,QB
94709-86055,RB,Dameon,Dameon Pierce,Pierce,8.719999694824219,5,5900,NO@HOU,HOU,NO,,,,,,RB/FLEX
94709-71845,RB,Miles,Miles Sanders,Sanders,7.319999694824219,5,5900,CAR@MIA,CAR,MIA,Q,Shoulder,,,,RB/FLEX
94709-39793,TE,George,George Kittle,Kittle,9.6,5,5900,SF@CLE,SF,CLE,,,,,,TE/FLEX
94709-28573,WR,Michael,Michael Thomas,Thomas,8.280000305175781,5,5900,NO@HOU,NO,HOU,,,,,,WR/FLEX
94709-69777,WR,Darnell,Darnell Mooney,Mooney,5.099999904632568,4,5800,MIN@CHI,CHI,MIN,,,,,,WR/FLEX
94709-41305,WR,Zay,Zay Jones,Jones,7.933333079020183,3,5800,IND@JAC,JAC,IND,Q,Knee,,,,WR/FLEX
94709-103187,RB,Roschon,Roschon Johnson,Johnson,5.9,5,5800,MIN@CHI,CHI,MIN,Q,Concussion,,,,RB/FLEX
94709-89230,RB,Cam,Cam Akers,Akers,5.933333079020183,3,5700,MIN@CHI,MIN,CHI,,,,,,RB/FLEX
94709-86229,WR,Jahan,Jahan Dotson,Dotson,5.7,5,5700,WAS@ATL,WAS,ATL,,,,,,WR/FLEX
94709-90428,RB,Tyler,Tyler Allgeier,Allgeier,7.8599998474121096,5,5700,WAS@ATL,ATL,WAS,,,,,,RB/FLEX
94709-129305,WR,Josh,Josh Downs,Downs,7.4,5,5600,IND@JAC,IND,JAC,,,,,,WR/FLEX
94709-88575,WR,Elijah,Elijah Moore,Moore,5.400000095367432,4,5600,SF@CLE,CLE,SF,,,,,,WR/FLEX
94709-92413,RB,Elijah,Elijah Mitchell,Mitchell,3.450000047683716,2,5500,SF@CLE,SF,CLE,Q,Knee,,,,RB/FLEX
94709-64905,WR,Trenton,Trenton Irwin,Irwin,6.099999904632568,2,5500,SEA@CIN,CIN,SEA,,,,,,WR/FLEX
94709-87467,RB,Chuba,Chuba Hubbard,Hubbard,5.420000076293945,5,5500,CAR@MIA,CAR,MIA,,,,,,RB/FLEX
94709-86875,RB,Jordan,Jordan Mason,Mason,5.599999745686849,3,5500,SF@CLE,SF,CLE,,,,,,RB/FLEX
94709-41872,TE,Evan,Evan Engram,Engram,8.1,5,5500,IND@JAC,JAC,IND,,,,,,TE/FLEX
94709-29685,WR,Robert,Robert Woods,Woods,6.519999694824219,5,5500,NO@HOU,HOU,NO,Q,Ribs,,,,WR/FLEX
94709-45229,RB,Kareem,Kareem Hunt,Hunt,2.8499999046325684,2,5400,SF@CLE,CLE,SF,,,,,,RB/FLEX
94709-170287,WR,Rashid,Rashid Shaheed,Shaheed,7.880000305175781,5,5400,NO@HOU,NO,HOU,,,,,,WR/FLEX
94709-26355,TE,Logan,Logan Thomas,Thomas,9.375,4,5400,WAS@ATL,WAS,ATL,,,,,,TE/FLEX
94709-86080,TE,Kyle,Kyle Pitts,Pitts,5.8799999237060545,5,5300,WAS@ATL,ATL,WAS,,,,,,TE/FLEX
94709-91426,WR,Donovan,Donovan Peoples-Jones,Peoples-Jones,2.625,4,5200,SF@CLE,CLE,SF,,,,,,WR/FLEX
94709-85672,WR,Terrace,Terrace Marshall Jr.,Marshall Jr.,6.466666539510091,3,5200,CAR@MIA,CAR,MIA,,,,,,WR/FLEX
94709-55042,TE,Dalton,Dalton Schultz,Schultz,7.180000305175781,5,5200,NO@HOU,HOU,NO,,,,,,TE/FLEX
94709-71705,TE,Noah,Noah Fant,Fant,7,3,5100,SEA@CIN,SEA,CIN,,,,,,TE/FLEX
94709-52345,WR,Brandon,Brandon Powell,Powell,1.2399999618530273,5,5100,MIN@CHI,MIN,CHI,,,,,,WR/FLEX
94709-61593,WR,Jauan,Jauan Jennings,Jennings,3.1500000953674316,4,5100,SF@CLE,SF,CLE,,,,,,WR/FLEX
94709-86312,WR,Alec,Alec Pierce,Pierce,3.279999923706055,5,5100,IND@JAC,IND,JAC,,,,,,WR/FLEX
94709-90933,RB,Antonio,Antonio Gibson,Gibson,4.1200000762939455,5,5100,WAS@ATL,WAS,ATL,,,,,,RB/FLEX
94709-48116,TE,Jonnu,Jonnu Smith,Smith,8.274999618530273,4,5100,WAS@ATL,ATL,WAS,Q,Ankle,,,,TE/FLEX
94709-55335,TE,David,David Njoku,Njoku,4.949999809265137,4,5000,SF@CLE,CLE,SF,Q,Hand,,,,TE/FLEX
94709-55552,RB,Jeff,Jeff Wilson Jr.,Wilson Jr.,9.27058859432445,17,5000,CAR@MIA,MIA,CAR,IR,Ribs,,,,RB/FLEX
94709-12549,D,San Francisco,San Francisco 49ers,49ers,8.8,5,5000,SF@CLE,SF,CLE,,,,,,DEF
94709-73111,WR,Chase,Chase Claypool,Claypool,4.366666793823242,3,5000,CAR@MIA,MIA,CAR,,,,,,WR/FLEX
94709-102893,RB,Tyrion,Tyrion Davis-Price,Davis-Price,2.0999999046325684,1,5000,SF@CLE,SF,CLE,,,,,,RB/FLEX
94709-45565,TE,Taysom,Taysom Hill,Hill,3.2880001068115234,5,5000,NO@HOU,NO,HOU,,,,,,TE/FLEX
94709-45631,RB,Jamaal,Jamaal Williams,Williams,4.550000190734863,2,5000,NO@HOU,NO,HOU,IR,Hamstring,,,,RB/FLEX
94709-25267,WR,Mack,Mack Hollins,Hollins,3.7599998474121095,5,5000,WAS@ATL,ATL,WAS,,,,,,WR/FLEX
94709-52495,WR,Braxton,Braxton Berrios,Berrios,6.1,5,4900,CAR@MIA,MIA,CAR,Q,Knee,,,,WR/FLEX
94709-64031,TE,Hayden,Hayden Hurst,Hurst,4.5,5,4900,CAR@MIA,CAR,MIA,,,,,,TE/FLEX
94709-112192,WR,Jonathan,Jonathan Mingo,Mingo,4.425000190734863,4,4900,CAR@MIA,CAR,MIA,,,,,,WR/FLEX
94709-42046,TE,Durham,Durham Smythe,Smythe,4.449999809265137,4,4800,CAR@MIA,MIA,CAR,,,,,,TE/FLEX
94709-12539,D,Miami,Miami Dolphins,Dolphins,5.6,5,4800,CAR@MIA,MIA,CAR,,,,,,DEF
94709-102696,WR,John,John Metchie III,Metchie III,2.549999952316284,4,4800,NO@HOU,HOU,NO,,,,,,WR/FLEX
94709-129458,WR,Jaxon,Jaxon Smith-Njigba,Smith-Njigba,3.049999952316284,4,4800,SEA@CIN,SEA,CIN,,,,,,WR/FLEX
94709-160306,RB,Pierre,Pierre Strong Jr.,Strong Jr.,4.566666603088379,3,4800,SF@CLE,CLE,SF,,,,,,RB/FLEX
94709-71444,RB,Travis,Travis Homer,Homer,4.387499809265137,8,4800,MIN@CHI,CHI,MIN,Q,Hamstring,,,,RB/FLEX
94709-103376,RB,Zach,Zach Charbonnet,Charbonnet,3.6500000953674316,4,4800,SEA@CIN,SEA,CIN,,,,,,RB/FLEX
94709-91401,WR,Ronnie,Ronnie Bell,Bell,3.5333334604899087,3,4700,SF@CLE,SF,CLE,,,,,,WR/FLEX
94709-85306,WR,KhaDarel,KhaDarel Hodge,Hodge,2.1666666666666665,3,4700,WAS@ATL,ATL,WAS,,,,,,WR/FLEX
94709-147049,TE,Drew,Drew Ogletree,Ogletree,4.75,4,4700,IND@JAC,IND,JAC,,,,,,TE/FLEX
94709-87859,WR,Laviska,Laviska Shenault Jr.,Shenault Jr.,2.0200000762939454,5,4700,CAR@MIA,CAR,MIA,,,,,,WR/FLEX
94709-120657,RB,Kendre,Kendre Miller,Miller,5.400000254313151,3,4700,NO@HOU,NO,HOU,,,,,,RB/FLEX
94709-70603,RB,Devin,Devin Singletary,Singletary,3.647999954223633,5,4700,NO@HOU,HOU,NO,,,,,,RB/FLEX
94709-12542,D,New Orleans,New Orleans Saints,Saints,10.8,5,4600,NO@HOU,NO,HOU,,,,,,DEF
94709-60712,TE,Foster,Foster Moreau,Moreau,5.050000190734863,2,4600,NO@HOU,NO,HOU,,,,,,TE/FLEX
94709-64841,WR,Equanimeous,Equanimeous St. Brown,St. Brown,1.2999999523162842,2,4600,MIN@CHI,CHI,MIN,Q,Hamstring,,,,WR/FLEX
94709-71143,TE,Kylen,Kylen Granson,Granson,4.55999984741211,5,4600,IND@JAC,IND,JAC,,,,,,TE/FLEX
94709-89588,TE,Colby,Colby Parkinson,Parkinson,2.924999952316284,4,4600,SEA@CIN,SEA,CIN,,,,,,TE/FLEX
94709-128693,RB,Tank,Tank Bigsby,Bigsby,3.5250000953674316,4,4600,IND@JAC,JAC,IND,,,,,,RB/FLEX
94709-69581,WR,Cedrick,Cedrick Wilson Jr.,Wilson Jr.,4.650000095367432,2,4600,CAR@MIA,MIA,CAR,,,,,,WR/FLEX
94709-41997,WR,River,River Cracraft,Cracraft,5.900000254313151,3,4500,CAR@MIA,MIA,CAR,IR,Shoulder,,,,WR/FLEX
94709-30733,RB,Cordarrelle,Cordarrelle Patterson,Patterson,1.2000000476837158,1,4500,WAS@ATL,ATL,WAS,,,,,,RB/FLEX
94709-72725,TE,Irv,Irv Smith Jr.,Smith Jr.,2.5999999046325684,2,4500,SEA@CIN,CIN,SEA,,,,,,TE/FLEX
94709-79979,WR,Jamal,Jamal Agnew,Agnew,1.4500000476837158,4,4500,IND@JAC,JAC,IND,,,,,,WR/FLEX
94709-89209,RB,Trestan,Trestan Ebner,Ebner,0.5199999809265137,10,4500,MIN@CHI,CHI,MIN,Q,Concussion,,,,RB/FLEX
94709-129240,WR,Tyler,Tyler Scott,Scott,1.8000000317891438,3,4500,MIN@CHI,CHI,MIN,,,,,,WR/FLEX
94709-69860,RB,Trayveon,Trayveon Williams,Williams,0.6800000190734863,5,4500,SEA@CIN,CIN,SEA,,,,,,RB/FLEX
94709-12554,D,Jacksonville,Jacksonville Jaguars,Jaguars,8.6,5,4500,IND@JAC,JAC,IND,,,,,,DEF
94709-64808,TE,Juwan,Juwan Johnson,Johnson,3.2000001271565757,3,4500,NO@HOU,NO,HOU,Q,Calf,,,,TE/FLEX
94709-93538,WR,Dyami,Dyami Brown,Brown,2.924999952316284,4,4500,WAS@ATL,WAS,ATL,,,,,,WR/FLEX
94709-63907,TE,Josh,Josh Oliver,Oliver,3.5999999046325684,4,4500,MIN@CHI,MIN,CHI,,,,,,TE/FLEX
94709-69168,WR,N'Keal,N'Keal Harry,Harry,3.5166667302449546,6,4500,MIN@CHI,MIN,CHI,,,,,,WR/FLEX
94709-62055,WR,Ray-Ray,Ray-Ray McCloud III,McCloud III,0.7599999904632568,5,4500,SF@CLE,SF,CLE,,,,,,WR/FLEX
94709-56041,RB,Khari,Khari Blasingame,Blasingame,1.2999999523162842,2,4500,MIN@CHI,CHI,MIN,,,,,,RB/FLEX
94709-70383,RB,Darrynton,Darrynton Evans,Evans,3.3999999364217124,3,4500,MIN@CHI,CHI,MIN,,,,,,RB/FLEX
94709-61273,WR,Scotty,Scotty Miller,Miller,1,2,4500,WAS@ATL,ATL,WAS,,,,,,WR/FLEX
94709-93134,RB,Deon,Deon Jackson,Jackson,1.2999999523162842,1,4500,SF@CLE,CLE,SF,,,,,,RB/FLEX
94709-24533,TE,Mo,Mo Alie-Cox,Alie-Cox,3.549999952316284,4,4500,IND@JAC,IND,JAC,Q,Concussion,,,,TE/FLEX
94709-91101,TE,Tommy,Tommy Tremble,Tremble,4.300000190734863,2,4500,CAR@MIA,CAR,MIA,,,,,,TE/FLEX
94709-72705,TE,John,John Bates,Bates,3.075000047683716,4,4400,WAS@ATL,WAS,ATL,,,,,,TE/FLEX
94709-24755,WR,Jamison,Jamison Crowder,Crowder,0.7749999761581421,4,4400,WAS@ATL,WAS,ATL,,,,,,WR/FLEX
94709-83138,TE,Ross,Ross Dwelley,Dwelley,4.5,4,4400,SF@CLE,SF,CLE,,,,,,TE/FLEX
94709-87371,RB,Ty,Ty Chandler,Chandler,1.8600000381469726,5,4400,MIN@CHI,MIN,CHI,,,,,,RB/FLEX
94709-89437,WR,Tim,Tim Jones,Jones,0.8333333333333334,3,4400,IND@JAC,JAC,IND,,,,,,WR/FLEX
94709-56708,TE,Will,Will Dissly,Dissly,3.8499999046325684,2,4400,SEA@CIN,SEA,CIN,,,,,,TE/FLEX
94709-89493,RB,Chase,Chase Brown,Brown,0.36666667461395264,3,4400,SEA@CIN,CIN,SEA,,,,,,RB/FLEX
94709-44449,WR,Willie,Willie Snead IV,Snead IV,1.399999976158142,1,4400,SF@CLE,SF,CLE,,,,,,WR/FLEX
94709-73176,TE,Luke,Luke Farrell,Farrell,1.6666666666666667,3,4400,IND@JAC,JAC,IND,,,,,,TE/FLEX
94709-80353,TE,Robert,Robert Tonyan,Tonyan,1.6000000635782878,3,4400,MIN@CHI,CHI,MIN,,,,,,TE/FLEX
94709-32243,WR,Marquise,Marquise Goodwin,Goodwin,0.15000000596046448,4,4400,SF@CLE,CLE,SF,,,,,,WR/FLEX
94709-94094,TE,Brevin,Brevin Jordan,Jordan,6,2,4400,NO@HOU,HOU,NO,,,,,,TE/FLEX
94709-70601,TE,Harrison,Harrison Bryant,Bryant,2.200000047683716,4,4400,SF@CLE,CLE,SF,,,,,,TE/FLEX
94709-93150,WR,Jake,Jake Bobo,Bobo,2.6000000635782876,3,4400,SEA@CIN,SEA,CIN,,,,,,WR/FLEX
94709-62505,TE,MyCole,MyCole Pruitt,Pruitt,1.3999999364217122,3,4300,WAS@ATL,ATL,WAS,,,,,,TE/FLEX
94709-94345,TE,Cole,Cole Turner,Turner,3.049999952316284,4,4300,WAS@ATL,WAS,ATL,,,,,,TE/FLEX
94709-185593,WR,Andrei,Andrei Iosivas,Iosivas,1.399999976158142,1,4300,SEA@CIN,CIN,SEA,,,,,,WR/FLEX
94709-53639,WR,Isaiah,Isaiah McKenzie,McKenzie,0.7,5,4300,IND@JAC,IND,JAC,,,,,,WR/FLEX
94709-26251,WR,Robbie,Robbie Chosen,Chosen,6.650000095367432,2,4300,CAR@MIA,MIA,CAR,,,,,,WR/FLEX
94709-69295,WR,Byron,Byron Pringle,Pringle,1.4666666984558105,3,4300,WAS@ATL,WAS,ATL,,,,,,WR/FLEX
94709-86780,RB,Salvon,Salvon Ahmed,Ahmed,3.3499999046325684,2,4300,CAR@MIA,MIA,CAR,,,,,,RB/FLEX
94709-72515,TE,Ian,Ian Thomas,Thomas,1.5333333015441895,3,4300,CAR@MIA,CAR,MIA,,,,,,TE/FLEX
94709-93026,TE,Teagan,Teagan Quitoriano,Quitoriano,1.433333396911621,3,4300,NO@HOU,HOU,NO,,,,,,TE/FLEX
94709-94087,RB,DeeJay,DeeJay Dallas,Dallas,0.8999999761581421,4,4300,SEA@CIN,SEA,CIN,,,,,,RB/FLEX
94709-45997,WR,Keith,Keith Kirkwood,Kirkwood,0.15000000596046448,4,4300,NO@HOU,NO,HOU,,,,,,WR/FLEX
94709-70661,WR,Velus,Velus Jones Jr.,Jones Jr.,0.3499999940395355,2,4200,MIN@CHI,CHI,MIN,,,,,,WR/FLEX
94709-70663,WR,Frank,Frank Darby,Darby,2,1,4200,WAS@ATL,ATL,WAS,,,,,,WR/FLEX
94709-89157,RB,Caleb,Caleb Huntley,Huntley,3.6583334604899087,12,4200,WAS@ATL,ATL,WAS,Q,Achilles,,,,RB/FLEX
94709-79980,TE,Eric,Eric Saubert,Saubert,2.176923018235427,13,4200,CAR@MIA,MIA,CAR,,,,,,TE/FLEX
94709-103587,TE,Brenton,Brenton Strange,Strange,0.8500000238418579,2,4200,IND@JAC,JAC,IND,,,,,,TE/FLEX
94709-83117,TE,Tanner,Tanner Hudson,Hudson,3.4000000953674316,2,4200,SEA@CIN,CIN,SEA,,,,,,TE/FLEX
94709-57543,RB,D'Ernest,D'Ernest Johnson,Johnson,0.7599999904632568,5,4200,IND@JAC,JAC,IND,,,,,,RB/FLEX
94709-63717,RB,Alec,Alec Ingold,Ingold,2.3999999364217124,3,4200,CAR@MIA,MIA,CAR,Q,Foot,,,,RB/FLEX
94709-12528,D,Cincinnati,Cincinnati Bengals,Bengals,9,5,4200,SEA@CIN,CIN,SEA,,,,,,DEF
94709-11512,TE,Jimmy,Jimmy Graham,Graham,3.6500000953674316,2,4200,NO@HOU,NO,HOU,,,,,,TE/FLEX
94709-56711,TE,Drew,Drew Sample,Sample,0.800000011920929,2,4200,SEA@CIN,CIN,SEA,,,,,,TE/FLEX
94709-73130,RB,Chris,Chris Evans,Evans,1.600000023841858,1,4200,SEA@CIN,CIN,SEA,,,,,,RB/FLEX
94709-40371,TE,Johnny,Johnny Mundt,Mundt,1.600000023841858,1,4200,MIN@CHI,MIN,CHI,,,,,,TE/FLEX
94709-34295,WR,Breshad,Breshad Perriman,Perriman,2.3499999046325684,8,4200,IND@JAC,IND,JAC,,,,,,WR/FLEX
94709-114180,WR,David,David Bell,Bell,2.0999999046325684,2,4200,SF@CLE,CLE,SF,,,,,,WR/FLEX
94709-73247,RB,Kene,Kene Nwangwu,Nwangwu,0.8076923076923077,13,4200,MIN@CHI,MIN,CHI,IR,Back,,,,RB/FLEX
94709-86646,RB,Trey,Trey Sermon,Sermon,1.649999976158142,2,4200,IND@JAC,IND,JAC,,,,,,RB/FLEX
94709-61072,WR,Stanley,Stanley Morgan,Morgan,0,1,4200,SEA@CIN,CIN,SEA,,,,,,WR/FLEX
94709-71351,TE,Charlie,Charlie Woerner,Woerner,0,2,4200,SF@CLE,SF,CLE,,,,,,TE/FLEX
94709-89785,RB,Spencer,Spencer Brown,Brown,3.1500000953674316,2,4200,CAR@MIA,CAR,MIA,,,,,,RB/FLEX
94709-58041,RB,Mike,Mike Boone,Boone,1.2333333492279053,3,4200,NO@HOU,HOU,NO,,,,,,RB/FLEX
94709-92859,WR,Jalen,Jalen Nailor,Nailor,5.679999923706054,5,4200,MIN@CHI,MIN,CHI,IR,Hamstring,,,,WR/FLEX
94709-65231,RB,Adam,Adam Prentice,Prentice,-0.5,1,4200,NO@HOU,NO,HOU,Q,Knee,,,,RB/FLEX
94709-72427,WR,Kwamie,Kwamie Lassiter II,Lassiter II,0.699999988079071,1,4200,SEA@CIN,CIN,SEA,,,,,,WR/FLEX
94709-69383,WR,Dezmon,Dezmon Patmon,Patmon,3.4000000953674316,1,4200,CAR@MIA,CAR,MIA,,,,,,WR/FLEX
94709-70501,RB,C.J.,C.J. Ham,Ham,1.4500000476837158,2,4200,MIN@CHI,MIN,CHI,,,,,,RB/FLEX
94709-94116,TE,Will,Will Mallory,Mallory,5.900000095367432,1,4200,IND@JAC,IND,JAC,,,,,,TE/FLEX
94709-56248,WR,Noah,Noah Brown,Brown,3.4000000953674316,1,4200,NO@HOU,HOU,NO,IR,Groin,,,,WR/FLEX
94709-43973,RB,Keith,Keith Smith,Smith,3.299999952316284,1,4200,WAS@ATL,ATL,WAS,,,,,,RB/FLEX
94709-57338,TE,Jordan,Jordan Akins,Akins,1.1666666666666667,3,4200,SF@CLE,CLE,SF,,,,,,TE/FLEX
94709-72772,RB,Avery,Avery Williams,Williams,1.6176470588235294,17,4100,WAS@ATL,ATL,WAS,IR,Knee - acl,,,,RB/FLEX
94709-65607,TE,Jacob,Jacob Harris,Harris,1.100000023841858,1,4100,IND@JAC,JAC,IND,,,,,,TE/FLEX
94709-87112,WR,Josh,Josh Ali,Ali,0,1,4100,WAS@ATL,ATL,WAS,IR,Ankle,,,,WR/FLEX
94709-87127,RB,Chris,Chris Rodriguez Jr.,Rodriguez Jr.,0.3499999940395355,2,4100,WAS@ATL,WAS,ATL,,,,,,RB/FLEX
94709-86113,WR,Ihmir,Ihmir Smith-Marsette,Smith-Marsette,0,5,4100,CAR@MIA,CAR,MIA,,,,,,WR/FLEX
94709-79974,RB,Tarik,Tarik Cohen,Cohen,,,4100,CAR@MIA,CAR,MIA,,,,,,RB/FLEX
94709-58499,TE,Parker,Parker Hesse,Hesse,1.4888888465033636,9,4100,WAS@ATL,ATL,WAS,O,Undisclosed,,,,TE/FLEX
94709-54426,TE,Andrew,Andrew Beck,Beck,2.066666603088379,3,4100,NO@HOU,HOU,NO,,,,,,TE/FLEX
94709-28827,RB,Dare,Dare Ogunbowale,Ogunbowale,0.4000000059604645,1,4100,NO@HOU,HOU,NO,,,,,,RB/FLEX
94709-65724,RB,JaMycal,JaMycal Hasty,Hasty,0,1,4100,IND@JAC,JAC,IND,,,,,,RB/FLEX
94709-12525,D,Atlanta,Atlanta Falcons,Falcons,4,5,4100,WAS@ATL,ATL,WAS,,,,,,DEF
94709-137516,WR,Parker,Parker Washington,Washington,0,1,4100,IND@JAC,JAC,IND,IR,Knee,,,,WR/FLEX
94709-102729,RB,Snoop,Snoop Conner,Conner,2.0399999618530273,5,4100,IND@JAC,JAC,IND,,,,,,RB/FLEX
94709-63839,TE,Tyler,Tyler Mabry,Mabry,7.199999809265137,1,4100,SEA@CIN,SEA,CIN,,,,,,TE/FLEX
94709-91488,RB,Chris,Chris Brooks,Brooks,6.599999904632568,1,4100,CAR@MIA,MIA,CAR,,,,,,RB/FLEX
94709-110978,RB,Evan,Evan Hull,Hull,1.2000000476837158,1,4100,IND@JAC,IND,JAC,IR,Knee,,,,RB/FLEX
94709-87432,WR,Cedric,Cedric Tillman,Tillman,1,1,4100,SF@CLE,CLE,SF,,,,,,WR/FLEX
94709-64907,WR,J.J.,J.J. Arcega-Whiteside,Arcega-Whiteside,,,4100,WAS@ATL,ATL,WAS,,,,,,WR/FLEX
94709-90522,TE,Cameron,Cameron Latu,Latu,,,4100,SF@CLE,SF,CLE,IR,Knee - meniscus,,,,TE/FLEX
94709-87469,TE,Jelani,Jelani Woods,Woods,5.141666730244954,12,4100,IND@JAC,IND,JAC,IR,Hamstring,,,,TE/FLEX
94709-92590,RB,Raheem,Raheem Blackshear,Blackshear,2.923076923076923,13,4100,CAR@MIA,CAR,MIA,,,,,,RB/FLEX
94709-26038,TE,Tyler,Tyler Kroft,Kroft,1.9249999523162842,4,4100,CAR@MIA,MIA,CAR,,,,,,TE/FLEX
94709-103896,WR,Nsimba,Nsimba Webster,Webster,2.4000000953674316,1,4100,MIN@CHI,CHI,MIN,,,,,,WR/FLEX
94709-14820,RB,Nick,Nick Bellore,Bellore,0.30000001192092896,1,4100,SEA@CIN,SEA,CIN,,,,,,RB/FLEX
94709-72182,WR,Dee,Dee Eskridge,Eskridge,1.144444465637207,9,4100,SEA@CIN,SEA,CIN,IR,Suspension,,,,WR/FLEX
94709-185850,TE,Julian,Julian Hill,Hill,0,1,4100,CAR@MIA,MIA,CAR,,,,,,TE/FLEX
94709-60930,RB,Myles,Myles Gaskin,Gaskin,3.700000047683716,2,4100,MIN@CHI,MIN,CHI,,,,,,RB/FLEX
94709-39428,RB,Kyle,Kyle Juszczyk,Juszczyk,4.033333460489909,3,4100,SF@CLE,SF,CLE,,,,,,RB/FLEX
94709-86543,WR,Erik,Erik Ezukanma,Ezukanma,1.100000023841858,2,4100,CAR@MIA,MIA,CAR,IR,Neck,,,,WR/FLEX
94709-6672,TE,Marcedes,Marcedes Lewis,Lewis,1.2999999523162842,1,4100,MIN@CHI,CHI,MIN,,,,,,TE/FLEX
94709-88607,WR,Braylon,Braylon Sanders,Sanders,0.3499999940395355,2,4100,CAR@MIA,MIA,CAR,,,,,,WR/FLEX
94709-150090,WR,Cade,Cade Johnson,Johnson,2.8333333333333335,3,4100,SEA@CIN,SEA,CIN,,,,,,WR/FLEX
94709-70282,WR,Demetric,Demetric Felton,Felton,0.27999999523162844,5,4100,SEA@CIN,CIN,SEA,,,,,,WR/FLEX
94709-110230,RB,Kenny,Kenny McIntosh,McIntosh,,,4100,SEA@CIN,SEA,CIN,IR,Knee,,,,RB/FLEX
94709-69276,WR,Bryan,Bryan Edwards,Edwards,0.75,4,4100,NO@HOU,NO,HOU,,,,,,WR/FLEX
94709-65182,TE,Mitchell,Mitchell Wilcox,Wilcox,1.600000023841858,2,4100,SEA@CIN,CIN,SEA,,,,,,TE/FLEX
94709-52897,RB,Darrel,Darrel Williams,Williams,3.8200000762939452,5,4100,NO@HOU,NO,HOU,,,,,,RB/FLEX
94709-88752,WR,Charlie,Charlie Jones,Jones,2.366666634877523,3,4100,SEA@CIN,CIN,SEA,IR,Thumb,,,,WR/FLEX
94709-30403,WR,Chris,Chris Conley,Conley,1.649999976158142,4,4100,SF@CLE,SF,CLE,,,,,,WR/FLEX
94709-94936,RB,Larry,Larry Rountree III,Rountree III,2.1500000953674316,2,4100,NO@HOU,HOU,NO,,,,,,RB/FLEX
94709-89970,WR,Amari,Amari Rodgers,Rodgers,2.0733333587646485,15,4100,IND@JAC,IND,JAC,,,,,,WR/FLEX
94709-65477,TE,Giovanni,Giovanni Ricci,Ricci,0.699999988079071,1,4100,CAR@MIA,CAR,MIA,,,,,,TE/FLEX
94709-119788,WR,Xavier,Xavier Hutchinson,Hutchinson,0.699999988079071,2,4100,NO@HOU,HOU,NO,,,,,,WR/FLEX
94709-63479,RB,John,John Kelly Jr.,Kelly Jr.,,,4100,SF@CLE,CLE,SF,,,,,,RB/FLEX
94709-193538,RB,Aaron,Aaron Dykes,Dykes,,,4000,MIN@CHI,MIN,CHI,,,,,,RB/FLEX
94709-110603,RB,Titus,Titus Swen,Swen,,,4000,IND@JAC,IND,JAC,,,,,,RB/FLEX
94709-40977,TE,Ricky,Ricky Seals-Jones,Seals-Jones,,,4000,IND@JAC,IND,JAC,Q,Foot,,,,TE/FLEX
94709-69655,TE,Stephen,Stephen Sullivan,Sullivan,0.9333333174387614,6,4000,CAR@MIA,CAR,MIA,IR,Hip,,,,TE/FLEX
94709-28694,TE,Jesse,Jesse James,James,,,4000,NO@HOU,NO,HOU,,,,,,TE/FLEX
94709-110624,WR,C.J.,C.J. Johnson,Johnson,,,4000,SEA@CIN,SEA,CIN,,,,,,WR/FLEX
94709-56356,WR,Isaiah,Isaiah Ford,Ford,,,4000,MIN@CHI,CHI,MIN,Q,Undisclosed,,,,WR/FLEX
94709-133163,WR,Ra'Shaun,Ra'Shaun Henry,Henry,,,4000,SEA@CIN,SEA,CIN,Q,Undisclosed,,,,WR/FLEX
94709-64575,RB,Derrick,Derrick Gore,Gore,,,4000,WAS@ATL,WAS,ATL,,,,,,RB/FLEX
94709-59455,TE,Sammis,Sammis Reyes,Reyes,,,4000,IND@JAC,JAC,IND,IR,Concussion,,,,TE/FLEX
94709-174148,RB,Carlos,Carlos Washington Jr.,Washington Jr.,,,4000,WAS@ATL,ATL,WAS,,,,,,RB/FLEX
94709-68686,WR,C.J.,C.J. Saunders,Saunders,,,4000,WAS@ATL,ATL,WAS,,,,,,WR/FLEX
94709-87122,WR,Lynn,Lynn Bowden Jr.,Bowden Jr.,0,1,4000,NO@HOU,NO,HOU,,,,,,WR/FLEX
94709-63576,WR,Kirk,Kirk Merritt,Merritt,,,4000,NO@HOU,NO,HOU,,,,,,WR/FLEX
94709-24671,WR,Adam,Adam Humphries,Humphries,,,4000,NO@HOU,HOU,NO,,,,,,WR/FLEX
94709-92256,WR,Malik,Malik Knowles,Knowles,,,4000,MIN@CHI,MIN,CHI,IR,Undisclosed,,,,WR/FLEX
94709-94314,RB,Camerun,Camerun Peoples,Peoples,,,4000,CAR@MIA,CAR,MIA,,,,,,RB/FLEX
94709-79982,RB,Alex,Alex Armah,Armah,,,4000,WAS@ATL,WAS,ATL,,,,,,RB/FLEX
94709-63603,WR,Jared,Jared Pinkney,Pinkney,,,4000,MIN@CHI,CHI,MIN,Q,Undisclosed,,,,WR/FLEX
94709-55414,WR,Cody,Cody Thompson,Thompson,1.5,1,4000,SEA@CIN,SEA,CIN,,,,,,WR/FLEX
94709-64634,WR,Alex,Alex Bachman,Bachman,,,4000,NO@HOU,HOU,NO,Q,Oblique,,,,WR/FLEX
94709-89214,RB,Abram,Abram Smith,Smith,,,4000,MIN@CHI,MIN,CHI,,,,,,RB/FLEX
94709-71806,TE,Kaden,Kaden Smith,Smith,,,4000,WAS@ATL,WAS,ATL,IR,Undisclosed,,,,TE/FLEX
94709-84101,WR,Vyncint,Vyncint Smith,Smith,,,4000,IND@JAC,IND,JAC,,,,,,WR/FLEX
94709-71821,WR,Joe,Joe Reed,Reed,,,4000,MIN@CHI,CHI,MIN,IR,Undisclosed,,,,WR/FLEX
94709-94363,WR,Elijah,Elijah Cooks,Cooks,,,4000,IND@JAC,JAC,IND,,,,,,WR/FLEX
94709-72863,TE,Armani,Armani Rogers,Rogers,2.3,5,4000,WAS@ATL,WAS,ATL,IR,Achilles,,,,TE/FLEX
94709-89249,RB,Khalan,Khalan Laborn,Laborn,,,4000,SF@CLE,SF,CLE,,,,,,RB/FLEX
94709-92331,TE,Johnny,Johnny Lumpkin,Lumpkin,,,4000,IND@JAC,IND,JAC,,,,,,TE/FLEX
94709-105648,RB,Tyler,Tyler Goodson,Goodson,,,4000,IND@JAC,IND,JAC,,,,,,RB/FLEX
94709-86192,WR,KJ,KJ Hamler,Hamler,3.7166665395100913,6,4000,IND@JAC,IND,JAC,,,,,,WR/FLEX
94709-86205,WR,Mac,Mac Hippenhammer,Hippenhammer,,,4000,SEA@CIN,CIN,SEA,,,,,,WR/FLEX
94709-65737,TE,Sam,Sam Tecklenburg,Tecklenburg,,,4000,CAR@MIA,CAR,MIA,,,,,,TE/FLEX
94709-149710,WR,Mike,Mike Strachan,Strachan,1.4800000190734863,5,4000,CAR@MIA,CAR,MIA,,,,,,WR/FLEX
94709-170188,TE,Tanner,Tanner Conner,Conner,0,2,4000,CAR@MIA,MIA,CAR,,,,,,TE/FLEX
94709-137439,WR,Zion,Zion Bowens,Bowens,,,4000,WAS@ATL,WAS,ATL,,,,,,WR/FLEX
94709-95455,WR,D.J.,D.J. Montgomery,Montgomery,,,4000,IND@JAC,IND,JAC,,,,,,WR/FLEX
94709-91358,WR,Oliver,Oliver Martin,Martin,,,4000,IND@JAC,JAC,IND,,,,,,WR/FLEX
94709-92395,RB,Chris,Chris Smith,Smith,,,4000,SEA@CIN,SEA,CIN,,,,,,RB/FLEX
94709-86254,TE,Leonard,Leonard Taylor,Taylor,,,4000,IND@JAC,JAC,IND,IR,Undisclosed,,,,TE/FLEX
94709-90353,WR,Jesse,Jesse Matthews,Matthews,,,4000,NO@HOU,HOU,NO,IR,Knee - acl,,,,WR/FLEX
94709-12540,D,Minnesota,Minnesota Vikings,Vikings,5.6,5,4000,MIN@CHI,MIN,CHI,,,,,,DEF
94709-61693,TE,Danny,Danny Pinter,Pinter,,,4000,IND@JAC,IND,JAC,IR,Ankle,,,,TE/FLEX
94709-71935,WR,Kendric,Kendric Pryor,Pryor,,,4000,SEA@CIN,CIN,SEA,,,,,,WR/FLEX
94709-115971,WR,Shaq,Shaq Davis,Davis,,,4000,NO@HOU,NO,HOU,O,Undisclosed,,,,WR/FLEX
94709-12552,D,Washington,Washington Commanders,Commanders,4.6,5,4000,WAS@ATL,WAS,ATL,,,,,,DEF
94709-191760,RB,Toriano,Toriano Clinton,Clinton,,,4000,IND@JAC,IND,JAC,,,,,,RB/FLEX
94709-185627,WR,Jalen,Jalen Sample,Sample,,,4000,WAS@ATL,WAS,ATL,,,,,,WR/FLEX
94709-68901,RB,Gerrid,Gerrid Doaks,Doaks,,,4000,NO@HOU,HOU,NO,,,,,,RB/FLEX
94709-185639,WR,Keilahn,Keilahn Harris,Harris,,,4000,WAS@ATL,ATL,WAS,,,,,,WR/FLEX
94709-90408,WR,Dax,Dax Milne,Milne,0.8466666539510092,15,4000,WAS@ATL,WAS,ATL,IR,Groin,,,,WR/FLEX
94709-185646,WR,Zay,Zay Malone,Malone,,,4000,WAS@ATL,ATL,WAS,,,,,,WR/FLEX
94709-130350,WR,Jaylon,Jaylon Moore,Moore,,,4000,IND@JAC,JAC,IND,,,,,,WR/FLEX
94709-53562,RB,Nick,Nick Chubb,Chubb,10.550000190734863,2,4000,SF@CLE,CLE,SF,IR,Knee - acl + mcl,,,,RB/FLEX
94709-56648,RB,Jeremy,Jeremy McNichols,McNichols,,,4000,SF@CLE,SF,CLE,,,,,,RB/FLEX
94709-91467,TE,Jake,Jake Tonges,Tonges,0,1,4000,SF@CLE,SF,CLE,,,,,,TE/FLEX
94709-90458,RB,Troy,Troy Hairston,Hairston,0.6285714421953473,7,4000,NO@HOU,HOU,NO,IR,Back,,,,RB/FLEX
94709-88421,WR,Daewood,Daewood Davis,Davis,,,4000,CAR@MIA,MIA,CAR,Q,Concussion,,,,WR/FLEX
94709-25957,TE,J.P.,J.P. Holtz,Holtz,,,4000,NO@HOU,NO,HOU,,,,,,TE/FLEX
94709-153957,TE,Zaire,Zaire Mitchell-Paden,Mitchell-Paden,,,4000,SF@CLE,CLE,SF,,,,,,TE/FLEX
94709-68975,TE,Josh,Josh Pederson,Pederson,,,4000,IND@JAC,JAC,IND,,,,,,TE/FLEX
94709-91504,WR,Blake,Blake Proehl,Proehl,,,4000,MIN@CHI,MIN,CHI,,,,,,WR/FLEX
94709-90483,TE,Bernhard,Bernhard Raimann,Raimann,,,4000,IND@JAC,IND,JAC,Q,Concussion,,,,TE/FLEX
94709-60791,TE,Tommy,Tommy Hudson,Hudson,,,4000,NO@HOU,NO,HOU,,,,,,TE/FLEX
94709-56698,WR,Dante,Dante Pettis,Pettis,3.7133333841959635,15,4000,MIN@CHI,CHI,MIN,Q,Undisclosed,,,,WR/FLEX
94709-73089,TE,Devin,Devin Asiasi,Asiasi,0.375,4,4000,SF@CLE,CLE,SF,,,,,,TE/FLEX
94709-156039,WR,Shae,Shae Wyatt,Wyatt,,,4000,SF@CLE,SF,CLE,,,,,,WR/FLEX
94709-93577,WR,Dazz,Dazz Newsome,Newsome,,,4000,SF@CLE,SF,CLE,,,,,,WR/FLEX
94709-185742,WR,Braxton,Braxton Westfield,Westfield,,,4000,IND@JAC,IND,JAC,,,,,,WR/FLEX
94709-88463,WR,Johnny,Johnny Johnson III,Johnson III,,,4000,NO@HOU,HOU,NO,,,,,,WR/FLEX
94709-90518,WR,Slade,Slade Bolden,Bolden,,,4000,WAS@ATL,ATL,WAS,,,,,,WR/FLEX
94709-43416,WR,Trent,Trent Taylor,Taylor,0,3,4000,MIN@CHI,CHI,MIN,,,,,,WR/FLEX
94709-96673,WR,Garett,Garett Maag,Maag,,,4000,MIN@CHI,MIN,CHI,,,,,,WR/FLEX
94709-185777,TE,Damien,Damien Caffrey,Caffrey,,,4000,MIN@CHI,CHI,MIN,,,,,,TE/FLEX
94709-73147,TE,Nick,Nick Eubanks,Eubanks,,,4000,IND@JAC,IND,JAC,,,,,,TE/FLEX
94709-47551,TE,Mason,Mason Schreck,Schreck,0.800000011920929,2,4000,NO@HOU,HOU,NO,,,,,,TE/FLEX
94709-69056,WR,Mathew,Mathew Sexton,Sexton,,,4000,WAS@ATL,ATL,WAS,,,,,,WR/FLEX
94709-185792,WR,Tyler,Tyler Adams,Adams,,,4000,IND@JAC,IND,JAC,,,,,,WR/FLEX
94709-55748,WR,James,James Washington,Washington,0,1,4000,IND@JAC,IND,JAC,,,,,,WR/FLEX
94709-73161,TE,Chase,Chase Allen,Allen,,,4000,MIN@CHI,CHI,MIN,Q,Undisclosed,,,,TE/FLEX
94709-88525,WR,Kawaan,Kawaan Baker,Baker,,,4000,NO@HOU,NO,HOU,,,,,,WR/FLEX
94709-117201,WR,Isaiah,Isaiah Winstead,Winstead,,,4000,SF@CLE,SF,CLE,,,,,,WR/FLEX
94709-31184,RB,Jonathan,Jonathan Williams,Williams,2.8375000953674316,8,4000,WAS@ATL,WAS,ATL,Q,Undisclosed,,,,RB/FLEX
94709-136663,RB,DeWayne,DeWayne McBride,McBride,,,4000,MIN@CHI,MIN,CHI,,,,,,RB/FLEX
94709-185822,TE,Thomas,Thomas Greaney,Greaney,,,4000,SF@CLE,CLE,SF,,,,,,TE/FLEX
94709-103900,TE,Brandon,Brandon Dillon,Dillon,,,4000,WAS@ATL,WAS,ATL,IR,Undisclosed,,,,TE/FLEX
94709-91612,WR,Matt,Matt Landers,Landers,,,4000,CAR@MIA,CAR,MIA,,,,,,WR/FLEX
94709-63967,WR,Lucky,Lucky Jackson,Jackson,,,4000,MIN@CHI,MIN,CHI,,,,,,WR/FLEX
94709-185827,RB,Jacob,Jacob Saylors,Saylors,,,4000,SEA@CIN,CIN,SEA,,,,,,RB/FLEX
94709-88547,WR,Jalen,Jalen Wayne,Wayne,,,4000,SF@CLE,CLE,SF,,,,,,WR/FLEX
94709-91618,TE,John,John FitzPatrick,FitzPatrick,,,4000,WAS@ATL,ATL,WAS,,,,,,TE/FLEX
94709-112101,WR,Jared,Jared Wayne,Wayne,,,4000,NO@HOU,HOU,NO,,,,,,WR/FLEX
94709-89586,TE,Tucker,Tucker Fisk,Fisk,,,4000,WAS@ATL,ATL,WAS,,,,,,TE/FLEX
94709-70133,RB,Jake,Jake Funk,Funk,2.700000047683716,1,4000,CAR@MIA,MIA,CAR,,,,,,RB/FLEX
94709-103930,WR,Derek,Derek Wright,Wright,,,4000,CAR@MIA,CAR,MIA,,,,,,WR/FLEX
94709-128515,RB,Ellis,Ellis Merriweather,Merriweather,,,4000,NO@HOU,NO,HOU,,,,,,RB/FLEX
94709-92677,WR,Zavier,Zavier Scott,Scott,,,4000,IND@JAC,IND,JAC,,,,,,WR/FLEX
94709-90628,TE,Griffin,Griffin Hebert,Hebert,,,4000,SEA@CIN,SEA,CIN,,,,,,TE/FLEX
94709-62994,WR,Steven,Steven Sims Jr.,Sims Jr.,2.0333333015441895,12,4000,NO@HOU,HOU,NO,,,,,,WR/FLEX
94709-154139,RB,Clint,Clint Ratkovich,Ratkovich,,,4000,WAS@ATL,ATL,WAS,,,,,,RB/FLEX
94709-89627,WR,Brycen,Brycen Tremayne,Tremayne,,,4000,WAS@ATL,WAS,ATL,,,,,,WR/FLEX
94709-185884,WR,John,John Hall,Hall,,,4000,SEA@CIN,SEA,CIN,,,,,,WR/FLEX
94709-91679,WR,Josh,Josh Vann,Vann,,,4000,CAR@MIA,CAR,MIA,,,,,,WR/FLEX
94709-14895,TE,Patrick,Patrick Scales,Scales,,,4000,MIN@CHI,CHI,MIN,,,,,,TE/FLEX
94709-185907,RB,Zach,Zach Ojile,Ojile,,,4000,MIN@CHI,MIN,CHI,,,,,,RB/FLEX
94709-60981,TE,Charlie,Charlie Heck,Heck,,,4000,NO@HOU,HOU,NO,NA,Foot,,,,TE/FLEX
94709-60984,TE,Jake,Jake Bargas,Bargas,,,4000,NO@HOU,NO,HOU,,,,,,TE/FLEX
94709-71228,WR,Marquez,Marquez Stevenson,Stevenson,,,4000,CAR@MIA,CAR,MIA,,,,,,WR/FLEX
94709-70206,RB,Jason,Jason Huntley,Huntley,,,4000,IND@JAC,IND,JAC,,,,,,RB/FLEX
94709-30272,TE,Colin,Colin Thompson,Thompson,,,4000,MIN@CHI,MIN,CHI,,,,,,TE/FLEX
94709-87621,WR,A.T.,A.T. Perry,Perry,,,4000,NO@HOU,NO,HOU,,,,,,WR/FLEX
94709-86601,RB,SaRodorick,SaRodorick Thompson Jr.,Thompson Jr.,,,4000,SEA@CIN,SEA,CIN,,,,,,RB/FLEX
94709-104008,TE,Stephen,Stephen Carlson,Carlson,,,4000,MIN@CHI,CHI,MIN,,,,,,TE/FLEX
94709-104012,WR,Ashton,Ashton Dulin,Dulin,5,7,4000,IND@JAC,IND,JAC,IR,Knee - acl,,,,WR/FLEX
94709-86612,TE,Brayden,Brayden Willis,Willis,,,4000,SF@CLE,SF,CLE,,,,,,TE/FLEX
94709-63061,WR,Gary,Gary Jennings,Jennings,,,4000,CAR@MIA,CAR,MIA,,,,,,WR/FLEX
94709-104025,RB,John,John Lovett,Lovett,,,4000,CAR@MIA,MIA,CAR,Q,Undisclosed,,,,RB/FLEX
94709-64097,TE,La'Michael,La'Michael Pettway,Pettway,,,4000,IND@JAC,IND,JAC,Q,Undisclosed,,,,TE/FLEX
94709-87657,WR,Seth,Seth Williams,Williams,,,4000,IND@JAC,JAC,IND,,,,,,WR/FLEX
94709-66155,TE,Michael,Michael Jacobson,Jacobson,,,4000,NO@HOU,NO,HOU,,,,,,TE/FLEX
94709-139884,TE,Jordan,Jordan Murray,Murray,,,4000,IND@JAC,IND,JAC,,,,,,TE/FLEX
94709-87662,WR,Anthony,Anthony Schwartz,Schwartz,2.7999998728434243,6,4000,SF@CLE,CLE,SF,Q,Hamstring,,,,WR/FLEX
94709-87668,WR,Shedrick,Shedrick Jackson,Jackson,,,4000,SEA@CIN,CIN,SEA,,,,,,WR/FLEX
94709-93824,WR,Easop,Easop Winston Jr.,Winston Jr.,,,4000,SEA@CIN,SEA,CIN,,,,,,WR/FLEX
94709-87690,TE,Sal,Sal Cannella,Cannella,,,4000,SEA@CIN,SEA,CIN,,,,,,TE/FLEX
94709-94864,RB,Jashaun,Jashaun Corbin,Corbin,,,4000,CAR@MIA,CAR,MIA,,,,,,RB/FLEX
94709-93845,WR,Tay,Tay Martin,Martin,,,4000,SF@CLE,SF,CLE,,,,,,WR/FLEX
94709-93853,WR,Thayer,Thayer Thomas,Thomas,,,4000,MIN@CHI,MIN,CHI,,,,,,WR/FLEX
94709-104102,TE,Leroy,Leroy Watson IV,Watson IV,,,4000,SF@CLE,SF,CLE,,,,,,TE/FLEX
94709-91823,RB,Ronald,Ronald Awatt,Awatt,,,4000,SF@CLE,SF,CLE,,,,,,RB/FLEX
94709-87731,WR,Dominique,Dominique Robinson,Robinson,,,4000,MIN@CHI,CHI,MIN,,,,,,WR/FLEX
94709-85687,WR,Jontre,Jontre Kirklin,Kirklin,,,4000,NO@HOU,NO,HOU,,,,,,WR/FLEX
94709-69303,WR,Freddie,Freddie Swain,Swain,3.133333206176758,3,4000,CAR@MIA,MIA,CAR,,,,,,WR/FLEX
94709-69302,TE,Feleipe,Feleipe Franks,Franks,0,2,4000,WAS@ATL,ATL,WAS,IR,Undisclosed,,,,TE/FLEX
94709-71359,WR,Javon,Javon Wims,Wims,,,4000,CAR@MIA,CAR,MIA,,,,,,WR/FLEX
94709-63189,TE,Hunter,Hunter Thedford,Thedford,,,4000,SF@CLE,CLE,SF,,,,,,TE/FLEX
94709-89817,WR,Austin,Austin Watkins Jr.,Watkins Jr.,,,4000,SF@CLE,CLE,SF,,,,,,WR/FLEX
94709-85720,WR,Jaray,Jaray Jenkins,Jenkins,,,4000,IND@JAC,JAC,IND,Q,Undisclosed,,,,WR/FLEX
94709-71386,TE,Jordan,Jordan Thomas,Thomas,,,4000,CAR@MIA,CAR,MIA,,,,,,TE/FLEX
94709-90844,TE,Christian,Christian Trahan,Trahan,,,4000,SEA@CIN,CIN,SEA,,,,,,TE/FLEX
94709-64221,TE,Zach,Zach Gentry,Gentry,1.6214286259242467,14,4000,SEA@CIN,CIN,SEA,,,,,,TE/FLEX
94709-147168,WR,Chris,Chris Blair,Blair,,,4000,WAS@ATL,ATL,WAS,,,,,,WR/FLEX
94709-85731,WR,Racey,Racey McMath,McMath,1.350000023841858,4,4000,IND@JAC,IND,JAC,,,,,,WR/FLEX
94709-90861,RB,Derek,Derek Parish,Parish,,,4000,IND@JAC,JAC,IND,,,,,,RB/FLEX
94709-64242,WR,Keke,Keke Coutee,Coutee,0.07142857142857142,7,4000,CAR@MIA,MIA,CAR,,,,,,WR/FLEX
94709-91897,WR,Ethan,Ethan Fernea,Fernea,,,4000,IND@JAC,IND,JAC,Q,Undisclosed,,,,WR/FLEX
94709-54010,RB,Brian,Brian Hill,Hill,,,4000,SF@CLE,SF,CLE,,,,,,RB/FLEX
94709-85759,TE,Curtis,Curtis Hodges,Hodges,,,4000,WAS@ATL,WAS,ATL,Q,Illness,,,,TE/FLEX
94709-152320,RB,Tiyon,Tiyon Evans,Evans,,,4000,CAR@MIA,CAR,MIA,,,,,,RB/FLEX
94709-85762,RB,Eno,Eno Benjamin,Benjamin,5.93076911339393,13,4000,NO@HOU,NO,HOU,IR,Achilles,,,,RB/FLEX
94709-174853,WR,Kody,Kody Case,Case,,,4000,IND@JAC,IND,JAC,,,,,,WR/FLEX
94709-136970,WR,Danny,Danny Gray,Gray,0.48000001907348633,5,4000,SF@CLE,SF,CLE,IR,Shoulder - ac joint,,,,WR/FLEX
94709-91923,WR,Kazmeir,Kazmeir Allen,Allen,,,4000,WAS@ATL,WAS,ATL,,,,,,WR/FLEX
94709-87844,TE,Brady,Brady Russell,Russell,,,4000,SEA@CIN,SEA,CIN,,,,,,TE/FLEX
94709-40746,TE,Troy,Troy Fumagalli,Fumagalli,,,4000,MIN@CHI,MIN,CHI,,,,,,TE/FLEX
94709-86826,WR,Malachi,Malachi Carter,Carter,,,4000,SEA@CIN,CIN,SEA,,,,,,WR/FLEX
94709-72493,WR,Trishton,Trishton Jackson,Jackson,,,4000,MIN@CHI,MIN,CHI,,,,,,WR/FLEX
94709-55088,WR,Malik,Malik Turner,Turner,,,4000,IND@JAC,IND,JAC,,,,,,WR/FLEX
94709-174907,WR,Sy,Sy Barnett,Barnett,,,4000,NO@HOU,NO,HOU,,,,,,WR/FLEX
94709-92984,WR,Justin,Justin Marshall,Marshall,,,4000,SEA@CIN,SEA,CIN,,,,,,WR/FLEX
94709-91960,WR,Chris,Chris Coleman,Coleman,,,4000,CAR@MIA,MIA,CAR,,,,,,WR/FLEX
94709-158520,WR,Daylen,Daylen Baldwin,Baldwin,3.5,1,4000,SF@CLE,CLE,SF,Q,Hamstring,,,,WR/FLEX
94709-92990,RB,Hassan,Hassan Hall,Hall,,,4000,SF@CLE,CLE,SF,,,,,,RB/FLEX
94709-90955,WR,Tyjon,Tyjon Lindsey,Lindsey,,,4000,SEA@CIN,SEA,CIN,,,,,,WR/FLEX
94709-93002,RB,Calvin,Calvin Tyler Jr.,Tyler Jr.,,,4000,SEA@CIN,CIN,SEA,,,,,,RB/FLEX
94709-73551,WR,Stantley,Stantley Thomas-Oliver III,Thomas-Oliver III,,,4000,CAR@MIA,CAR,MIA,Q,Hamstring,,,,WR/FLEX
94709-56142,WR,Juwann,Juwann Winfree,Winfree,0.7333333492279053,3,4000,IND@JAC,IND,JAC,,,,,,WR/FLEX
94709-91989,RB,Jordan,Jordan Mims,Mims,,,4000,NO@HOU,NO,HOU,,,,,,RB/FLEX
94709-93016,RB,B.J.,B.J. Baylor,Baylor,,,4000,WAS@ATL,ATL,WAS,,,,,,RB/FLEX
94709-63321,TE,Rashod,Rashod Berry,Berry,,,4000,IND@JAC,IND,JAC,IR,Suspension,,,,TE/FLEX
94709-169834,WR,Dareke,Dareke Young,Young,2.5,2,4000,SEA@CIN,SEA,CIN,IR,Groin,,,,WR/FLEX
94709-41867,RB,Jordan,Jordan Wilkins,Wilkins,2.924999952316284,4,4000,SF@CLE,CLE,SF,,,,,,RB/FLEX
94709-23435,TE,Andrew,Andrew DePaola,DePaola,,,4000,MIN@CHI,MIN,CHI,,,,,,TE/FLEX
94709-89997,WR,Michael,Michael Woods II,Woods II,1.0833333333333333,6,4000,SF@CLE,CLE,SF,IR,Achilles,,,,WR/FLEX
94709-45964,WR,Marcus,Marcus Kemp,Kemp,1.7999999523162842,1,4000,WAS@ATL,WAS,ATL,,,,,,WR/FLEX
94709-128912,WR,Mitchell,Mitchell Tinsley,Tinsley,,,4000,WAS@ATL,WAS,ATL,,,,,,WR/FLEX
94709-94099,RB,Robert,Robert Burns,Burns,,,4000,MIN@CHI,CHI,MIN,,,,,,RB/FLEX
94709-141201,WR,Raleigh,Raleigh Webb,Webb,,,4000,CAR@MIA,MIA,CAR,,,,,,WR/FLEX
94709-87961,RB,Wayne,Wayne Taulapapa,Taulapapa,,,4000,SEA@CIN,SEA,CIN,,,,,,RB/FLEX
94709-64408,TE,Nick,Nick Bowers,Bowers,,,4000,CAR@MIA,MIA,CAR,,,,,,TE/FLEX
94709-92056,TE,Cal,Cal Adomitis,Adomitis,,,4000,SEA@CIN,CIN,SEA,,,,,,TE/FLEX
94709-94118,WR,Mike,Mike Harley Jr.,Harley Jr.,,,4000,SF@CLE,CLE,SF,,,,,,WR/FLEX
94709-91055,WR,Kevin,Kevin Austin Jr.,Austin Jr.,,,4000,IND@JAC,JAC,IND,,,,,,WR/FLEX
94709-85944,WR,Kyric,Kyric McGowan,McGowan,,,4000,WAS@ATL,WAS,ATL,Q,Undisclosed,,,,WR/FLEX
94709-92093,WR,Jaelon,Jaelon Darden,Darden,0.2923076886397142,13,4000,SF@CLE,CLE,SF,,,,,,WR/FLEX
94709-32703,WR,Jakeem,Jakeem Grant Sr.,Grant Sr.,,,4000,SF@CLE,CLE,SF,IR,Kneecap,,,,WR/FLEX
94709-41936,WR,Anthony,Anthony Miller,Miller,,,4000,IND@JAC,IND,JAC,,,,,,WR/FLEX
94709-169937,WR,Lance,Lance McCutcheon,McCutcheon,0,2,4000,NO@HOU,HOU,NO,,,,,,WR/FLEX
94709-30678,WR,Damiere,Damiere Byrd,Byrd,3.7749999364217124,12,4000,CAR@MIA,CAR,MIA,Q,Hamstring,,,,WR/FLEX
94709-63447,WR,Penny,Penny Hart,Hart,1.1666666666666667,3,4000,WAS@ATL,ATL,WAS,Q,Concussion,,,,WR/FLEX
94709-96224,TE,Lachlan,Lachlan Pitts,Pitts,,,4000,MIN@CHI,CHI,MIN,,,,,,TE/FLEX
94709-41954,WR,Victor,Victor Bolden,Bolden,,,4000,NO@HOU,HOU,NO,,,,,,WR/FLEX
94709-85994,TE,Dalton,Dalton Keene,Keene,,,4000,NO@HOU,HOU,NO,,,,,,TE/FLEX
94709-71661,WR,Tino,Tino Ellis,Ellis,,,4000,CAR@MIA,MIA,CAR,Q,Undisclosed,,,,WR/FLEX
94709-96254,TE,Nick,Nick Muse,Muse,,,4000,MIN@CHI,MIN,CHI,,,,,,TE/FLEX
94709-12550,D,Seattle,Seattle Seahawks,Seahawks,11.75,4,3900,SEA@CIN,SEA,CIN,,,,,,DEF
94709-12529,D,Cleveland,Cleveland Browns,Browns,8,4,3800,SF@CLE,CLE,SF,,,,,,DEF
94709-12535,D,Indianapolis,Indianapolis Colts,Colts,7.2,5,3700,IND@JAC,IND,JAC,,,,,,DEF
94709-12556,D,Houston,Houston Texans,Texans,7.2,5,3700,NO@HOU,HOU,NO,,,,,,DEF
94709-12527,D,Chicago,Chicago Bears,Bears,2.6,5,3200,MIN@CHI,CHI,MIN,,,,,,DEF
94709-12553,D,Carolina,Carolina Panthers,Panthers,4.4,5,3000,CAR@MIA,CAR,MIA,,,,,,DEF